{"cameraMode":{"drawMode":0,"name":"Shaded","section":"Shading Mode"},"sceneLighting":true,"audioPlay":false,"sceneViewState":{"m_AlwaysRefresh":false,"showFog":true,"showSkybox":true,"showFlares":true,"showImageEffects":true,"showParticleSystems":true,"showVisualEffectGraphs":true,"m_FxEnabled":true},"in2DMode":false,"pivot":{"x":0.6645472049713135,"y":-0.45182299613952639,"z":1.0447652339935303},"rotation":{"x":0.302993506193161,"y":0.4933551549911499,"z":-0.18809396028518678,"w":0.7928467392921448},"size":1.6038315296173096,"orthographic":false}